States,County,Year,Days with AQI,Good Days,Moderate Days,Unhealthy for Sensitive Groups Days,Unhealthy Days,Very Unhealthy Days,Hazardous Days,,Proportion of moderate to hazardous days,,States,Average proportion per state
Alabama,Baldwin,2022,281,237,44,0,0,0,0,Alabama,0.16,,Alabama,0.27
Alabama,Clay,2022,115,91,24,0,0,0,0,Alabama,0.21,,Alaska,0.12
Alabama,DeKalb,2022,364,323,41,0,0,0,0,Alabama,0.11,,Arizona,0.33
Alabama,Elmore,2022,240,232,8,0,0,0,0,Alabama,0.03,,Arkansas,0.30
Alabama,Etowah,2022,359,224,135,0,0,0,0,,0.38,,California,0.46
Alabama,Jefferson,2022,365,128,235,2,0,0,0,Alabama,0.65,,Colorado,0.25
Alabama,Lawrence,2022,102,92,10,0,0,0,0,Alabama,0.10,,Connecticut,0.22
Alabama,Madison,2022,365,201,164,0,0,0,0,Alabama,0.45,,Delaware,0.31
Alabama,Mobile,2022,363,235,128,0,0,0,0,Alabama,0.35,,District Of Columbia,
Alabama,Montgomery,2022,363,269,94,0,0,0,0,Alabama,0.26,,Florida,0.24
Alabama,Morgan,2022,365,208,156,1,0,0,0,Alabama,0.43,,Georgia,0.30
Alabama,Russell,2022,364,208,156,0,0,0,0,Alabama,0.43,,Hawaii,0.03
Alabama,Shelby,2022,245,225,19,1,0,0,0,Alabama,0.08,,Idaho,0.28
Alabama,Sumter,2022,355,266,89,0,0,0,0,Alabama,0.25,,Illinois,0.34
Alabama,Tuscaloosa,2022,280,240,40,0,0,0,0,Alabama,0.14,,Indiana,0.25
Alaska,Aleutians East,2022,121,119,2,0,0,0,0,Alaska,0.02,,Iowa,0.27
Alaska,Anchorage,2022,365,302,62,1,0,0,0,Alaska,0.17,,Kansas,0.29
Alaska,Denali,2022,338,328,10,0,0,0,0,Alaska,0.03,,Kentucky,0.23
Alaska,Fairbanks North Star,2022,365,213,105,18,27,1,1,Alaska,0.42,,Louisiana,0.29
Alaska,Juneau,2022,342,291,51,0,0,0,0,Alaska,0.15,,Maine,0.08
Alaska,Kenai Peninsula,2022,120,119,1,0,0,0,0,Alaska,0.01,,Maryland,0.19
Alaska,Matanuska-Susitna,2022,341,301,40,0,0,0,0,Alaska,0.12,,Massachusetts,0.23
Alaska,North Slope,2022,100,95,4,0,1,0,0,Alaska,0.05,,Michigan,0.24
Arizona,Apache,2022,363,359,4,0,0,0,0,Arizona,0.01,,Minnesota,0.14
Arizona,Cochise,2022,365,291,73,1,0,0,0,Arizona,0.20,,Mississippi,0.31
Arizona,Coconino,2022,365,279,85,1,0,0,0,Arizona,0.24,,Missouri,0.22
Arizona,Gila,2022,365,245,102,16,2,0,0,Arizona,0.33,,Montana,0.19
Arizona,La Paz,2022,359,275,83,1,0,0,0,Arizona,0.23,,Nebraska,0.1
Arizona,Maricopa,2022,365,27,242,73,17,6,0,Arizona,0.93,,Nevada,0.25
Arizona,Mohave,2022,357,340,16,1,0,0,0,Arizona,0.05,,New Hampshire,0.10
Arizona,Navajo,2022,364,307,57,0,0,0,0,Arizona,0.16,,New Jersey,0.27
Arizona,Pima,2022,365,147,205,13,0,0,0,Arizona,0.60,,New Mexico,0.22
Arizona,Pinal,2022,365,91,238,28,3,2,3,Arizona,0.75,,New York,0.16
Arizona,Santa Cruz,2022,357,220,136,1,0,0,0,Arizona,0.38,,North Carolina,0.20
Arizona,Yavapai,2022,365,341,24,0,0,0,0,Arizona,0.07,,North Dakota,0.17
Arizona,Yuma,2022,365,228,128,9,0,0,0,Arizona,0.38,,Ohio,0.25
Arkansas,Arkansas,2022,115,78,37,0,0,0,0,Arkansas,0.32,,Oklahoma,0.34
Arkansas,Ashley,2022,117,83,34,0,0,0,0,Arkansas,0.29,,Oregon,0.29
Arkansas,Clark,2022,363,350,13,0,0,0,0,Arkansas,0.04,,Pennsylvania,0.31
Arkansas,Crittenden,2022,365,215,146,3,1,0,0,Arkansas,0.41,,Rhode Island,0.16
Arkansas,Garland,2022,112,72,40,0,0,0,0,Arkansas,0.36,,South Carolina,0.25
Arkansas,Jackson,2022,115,78,37,0,0,0,0,Arkansas,0.32,,South Dakota,0.15
Arkansas,Newton,2022,365,337,27,1,0,0,0,Arkansas,0.08,,Tennessee,0.23
Arkansas,Polk,2022,350,308,40,2,0,0,0,Arkansas,0.12,,Texas,0.33
Arkansas,Pulaski,2022,365,153,211,1,0,0,0,Arkansas,0.58,,Utah,0.29
Arkansas,Union,2022,115,65,50,0,0,0,0,Arkansas,0.43,,Vermont,0.13
Arkansas,Washington,2022,365,214,148,3,0,0,0,Arkansas,0.41,,Virginia,0.12
California,Alameda,2022,365,185,175,5,0,0,0,California,0.49,,Washington,0.24
California,Amador,2022,364,333,30,1,0,0,0,California,0.09,,West Virginia,0.16
California,Butte,2022,365,191,171,3,0,0,0,California,0.48,,Wisconsin,0.2
California,Calaveras,2022,364,286,77,1,0,0,0,California,0.21,,Wyoming,0.15
California,Colusa,2022,363,240,122,1,0,0,0,California,0.34,,,
California,Contra Costa,2022,365,175,188,2,0,0,0,California,0.52,,,
California,Del Norte,2022,344,299,45,0,0,0,0,California,0.13,,,
California,El Dorado,2022,365,258,93,12,2,0,0,California,0.29,,,
California,Fresno,2022,365,78,217,67,3,0,0,California,0.79,,,
California,Glenn,2022,360,264,95,1,0,0,0,California,0.27,,,
California,Humboldt,2022,365,340,25,0,0,0,0,California,0.07,,,
California,Imperial,2022,365,86,232,34,5,2,6,California,0.76,,,
California,Inyo,2022,365,117,217,18,4,4,5,California,0.68,,,
California,Kern,2022,365,47,196,109,12,1,0,California,0.87,,,
California,Kings,2022,365,71,244,48,2,0,0,California,0.81,,,
California,Lake,2022,363,359,4,0,0,0,0,California,0.01,,,
California,Los Angeles,2022,365,17,254,65,28,1,0,California,0.95,,,
California,Madera,2022,365,147,205,13,0,0,0,California,0.60,,,
California,Marin,2022,365,275,90,0,0,0,0,California,0.25,,,
California,Mariposa,2022,365,211,125,8,21,0,0,California,0.42,,,
California,Mendocino,2022,365,129,234,2,0,0,0,California,0.65,,,
California,Merced,2022,365,140,212,13,0,0,0,California,0.62,,,
California,Mono,2022,365,276,61,5,7,1,15,California,0.24,,,
California,Monterey,2022,365,299,66,0,0,0,0,California,0.18,,,
California,Nevada,2022,365,185,161,11,3,5,0,California,0.49,,,
California,Orange,2022,365,143,215,5,2,0,0,California,0.61,,,
California,Placer,2022,365,156,185,15,4,3,2,California,0.57,,,
California,Plumas,2022,359,148,182,25,4,0,0,California,0.59,,,
California,Riverside,2022,365,41,198,86,31,2,7,California,0.89,,,
California,Sacramento,2022,365,162,184,17,2,0,0,California,0.56,,,
California,San Benito,2022,365,297,68,0,0,0,0,California,0.19,,,
California,San Bernardino,2022,365,23,212,67,56,7,0,California,0.94,,,
California,San Diego,2022,365,42,297,25,1,0,0,California,0.88,,,
California,San Francisco,2022,364,260,104,0,0,0,0,California,0.29,,,
California,San Joaquin,2022,365,192,164,8,0,1,0,California,0.47,,,
California,San Luis Obispo,2022,365,117,245,3,0,0,0,California,0.68,,,
California,San Mateo,2022,365,267,98,0,0,0,0,California,0.27,,,
California,Santa Barbara,2022,365,198,167,0,0,0,0,California,0.46,,,
California,Santa Clara,2022,365,188,172,5,0,0,0,California,0.48,,,
California,Santa Cruz,2022,365,287,78,0,0,0,0,California,0.21,,,
California,Shasta,2022,365,253,106,6,0,0,0,California,0.31,,,
California,Siskiyou,2022,362,269,86,2,4,0,1,California,0.26,,,
California,Solano,2022,365,235,130,0,0,0,0,California,0.36,,,
California,Sonoma,2022,365,286,79,0,0,0,0,California,0.22,,,
California,Stanislaus,2022,365,108,234,22,1,0,0,California,0.70,,,
California,Sutter,2022,364,154,205,5,0,0,0,California,0.58,,,
California,Tehama,2022,365,245,117,3,0,0,0,California,0.33,,,
California,Trinity,2022,353,227,111,5,5,3,2,California,0.36,,,
California,Tulare,2022,365,58,193,106,8,0,0,California,0.84,,,
California,Tuolumne,2022,250,237,12,1,0,0,0,California,0.05,,,
California,Ventura,2022,365,171,183,11,0,0,0,California,0.53,,,
California,Yolo,2022,365,283,80,2,0,0,0,California,0.22,,,
Colorado,Adams,2022,365,180,171,14,0,0,0,Colorado,0.51,,,
Colorado,Alamosa,2022,116,107,8,1,0,0,0,Colorado,0.08,,,
Colorado,Arapahoe,2022,365,237,116,12,0,0,0,Colorado,0.35,,,
Colorado,Archuleta,2022,365,313,48,3,0,1,0,Colorado,0.14,,,
Colorado,Boulder,2022,365,224,134,7,0,0,0,Colorado,0.39,,,
Colorado,Chaffee,2022,156,98,57,1,0,0,0,Colorado,0.37,,,
Colorado,Clear Creek,2022,359,244,110,5,0,0,0,Colorado,0.32,,,
Colorado,Delta,2022,143,125,18,0,0,0,0,Colorado,0.13,,,
Colorado,Denver,2022,365,161,197,7,0,0,0,Colorado,0.56,,,
Colorado,Douglas,2022,365,242,105,17,1,0,0,Colorado,0.34,,,
Colorado,El Paso,2022,365,249,114,2,0,0,0,Colorado,0.32,,,
Colorado,Fremont,2022,118,115,3,0,0,0,0,Colorado,0.03,,,
Colorado,Garfield,2022,365,221,142,2,0,0,0,Colorado,0.39,,,
Colorado,Gilpin,2022,365,286,75,4,0,0,0,Colorado,0.22,,,
Colorado,Grand,2022,174,136,38,0,0,0,0,Colorado,0.22,,,
Colorado,Gunnison,2022,365,281,82,2,0,0,0,Colorado,0.23,,,
Colorado,Jackson,2022,236,216,20,0,0,0,0,Colorado,0.08,,,
Colorado,Jefferson,2022,365,234,100,30,1,0,0,Colorado,0.36,,,
Colorado,La Plata,2022,365,266,98,1,0,0,0,Colorado,0.27,,,
Colorado,Larimer,2022,365,176,179,10,0,0,0,Colorado,0.52,,,
Colorado,Mesa,2022,365,282,82,1,0,0,0,Colorado,0.23,,,
Colorado,Montezuma,2022,365,300,65,0,0,0,0,Colorado,0.18,,,
Colorado,Park,2022,261,172,87,1,1,0,0,Colorado,0.34,,,
Colorado,Pitkin,2022,122,118,4,0,0,0,0,Colorado,0.03,,,
Colorado,Prowers,2022,354,330,22,0,1,0,1,Colorado,0.07,,,
Colorado,Pueblo,2022,349,317,29,3,0,0,0,Colorado,0.09,,,
Colorado,Rio Blanco,2022,365,243,120,2,0,0,0,Colorado,0.33,,,
Colorado,Routt,2022,356,356,0,0,0,0,0,Colorado,0.00,,,
Colorado,San Juan,2022,119,115,4,0,0,0,0,Colorado,0.03,,,
Colorado,San Miguel,2022,255,194,60,1,0,0,0,Colorado,0.24,,,
Colorado,Weld,2022,365,170,185,10,0,0,0,Colorado,0.53,,,
Connecticut,Fairfield,2022,365,223,120,20,2,0,0,Connecticut,0.39,,,
Connecticut,Hartford,2022,365,260,101,4,0,0,0,Connecticut,0.29,,,
Connecticut,Litchfield,2022,365,308,54,3,0,0,0,Connecticut,0.16,,,
Connecticut,Middlesex,2022,212,173,33,6,0,0,0,Connecticut,0.18,,,
Connecticut,New Haven,2022,365,230,128,7,0,0,0,Connecticut,0.37,,,
Connecticut,New London,2022,365,290,71,4,0,0,0,Connecticut,0.21,,,
Connecticut,Tolland,2022,208,187,19,2,0,0,0,Connecticut,0.10,,,
Connecticut,Windham,2022,355,338,17,0,0,0,0,Connecticut,0.05,,,
Delaware,Kent,2022,364,277,87,0,0,0,0,Delaware,0.24,,,
Delaware,New Castle,2022,365,208,157,0,0,0,0,Delaware,0.43,,,
Delaware,Sussex,2022,365,274,91,0,0,0,0,Delaware,0.25,,,
District Of Columbia,District of Columbia,2022,365,198,163,4,0,0,0,District Of Columbia,0.46,,,
Florida,Alachua,2022,362,292,70,0,0,0,0,Florida,0.19,,,
Florida,Baker,2022,365,266,99,0,0,0,0,Florida,0.27,,,
Florida,Bay,2022,365,218,147,0,0,0,0,Florida,0.40,,,
Florida,Brevard,2022,365,288,77,0,0,0,0,Florida,0.21,,,
Florida,Broward,2022,365,197,168,0,0,0,0,Florida,0.46,,,
Florida,Citrus,2022,342,229,113,0,0,0,0,Florida,0.33,,,
Florida,Collier,2022,347,277,70,0,0,0,0,Florida,0.20,,,
Florida,Columbia,2022,363,234,129,0,0,0,0,Florida,0.36,,,
Florida,Duval,2022,365,144,221,0,0,0,0,Florida,0.61,,,
Florida,Escambia,2022,365,191,173,1,0,0,0,Florida,0.48,,,
Florida,Flagler,2022,361,352,9,0,0,0,0,Florida,0.02,,,
Florida,Hamilton,2022,294,165,129,0,0,0,0,Florida,0.44,,,
Florida,Highlands,2022,349,337,11,1,0,0,0,Florida,0.03,,,
Florida,Hillsborough,2022,365,175,189,1,0,0,0,Florida,0.52,,,
Florida,Holmes,2022,365,204,161,0,0,0,0,Florida,0.44,,,
Florida,Indian River,2022,357,349,8,0,0,0,0,Florida,0.02,,,
Florida,Lake,2022,364,349,15,0,0,0,0,Florida,0.04,,,
Florida,Lee,2022,302,238,64,0,0,0,0,Florida,0.21,,,
Florida,Leon,2022,364,211,153,0,0,0,0,Florida,0.42,,,
Florida,Liberty,2022,355,346,9,0,0,0,0,Florida,0.03,,,
Florida,Manatee,2022,349,336,13,0,0,0,0,Florida,0.04,,,
Florida,Marion,2022,363,259,104,0,0,0,0,Florida,0.29,,,
Florida,Martin,2022,356,280,75,1,0,0,0,Florida,0.21,,,
Florida,Miami-Dade,2022,365,259,104,2,0,0,0,Florida,0.29,,,
Florida,Okaloosa,2022,170,155,15,0,0,0,0,Florida,0.09,,,
Florida,Orange,2022,365,317,48,0,0,0,0,Florida,0.13,,,
Florida,Osceola,2022,364,348,16,0,0,0,0,Florida,0.04,,,
Florida,Palm Beach,2022,365,275,90,0,0,0,0,Florida,0.25,,,
Florida,Pasco,2022,361,332,29,0,0,0,0,Florida,0.08,,,
Florida,Pinellas,2022,365,226,139,0,0,0,0,Florida,0.38,,,
Florida,Polk,2022,363,264,99,0,0,0,0,Florida,0.27,,,
Florida,Putnam,2022,323,321,2,0,0,0,0,Florida,0.01,,,
Florida,Santa Rosa,2022,365,239,125,1,0,0,0,Florida,0.35,,,
Florida,Sarasota,2022,358,234,124,0,0,0,0,Florida,0.35,,,
Florida,Seminole,2022,363,288,75,0,0,0,0,Florida,0.21,,,
Florida,St. Lucie,2022,358,352,6,0,0,0,0,Florida,0.02,,,
Florida,Volusia,2022,365,242,123,0,0,0,0,Florida,0.34,,,
Florida,Wakulla,2022,365,279,86,0,0,0,0,Florida,0.24,,,
Georgia,Bibb,2022,365,216,149,0,0,0,0,Georgia,0.41,,,
Georgia,Charlton,2022,122,117,5,0,0,0,0,Georgia,0.04,,,
Georgia,Chatham,2022,335,199,136,0,0,0,0,Georgia,0.41,,,
Georgia,Chattooga,2022,245,236,9,0,0,0,0,Georgia,0.04,,,
Georgia,Clarke,2022,362,201,161,0,0,0,0,Georgia,0.44,,,
Georgia,Clayton,2022,121,82,39,0,0,0,0,Georgia,0.32,,,
Georgia,Cobb,2022,285,231,53,1,0,0,0,Georgia,0.19,,,
Georgia,Coffee,2022,119,94,25,0,0,0,0,Georgia,0.21,,,
Georgia,Columbia,2022,245,238,7,0,0,0,0,Georgia,0.03,,,
Georgia,Dawson,2022,245,238,6,1,0,0,0,Georgia,0.03,,,
Georgia,DeKalb,2022,365,177,186,2,0,0,0,Georgia,0.52,,,
Georgia,Dougherty,2022,358,180,173,4,1,0,0,Georgia,0.50,,,
Georgia,Douglas,2022,243,215,27,1,0,0,0,Georgia,0.12,,,
Georgia,Floyd,2022,356,256,100,0,0,0,0,Georgia,0.28,,,
Georgia,Fulton,2022,365,162,200,2,1,0,0,Georgia,0.56,,,
Georgia,Glynn,2022,356,221,134,1,0,0,0,Georgia,0.38,,,
Georgia,Gwinnett,2022,365,226,139,0,0,0,0,Georgia,0.38,,,
Georgia,Hall,2022,364,217,147,0,0,0,0,Georgia,0.40,,,
Georgia,Henry,2022,351,262,86,3,0,0,0,Georgia,0.25,,,
Georgia,Houston,2022,362,214,147,1,0,0,0,Georgia,0.41,,,
Georgia,Lowndes,2022,354,191,163,0,0,0,0,Georgia,0.46,,,
Georgia,Murray,2022,279,248,30,1,0,0,0,Georgia,0.11,,,
Georgia,Muscogee,2022,365,214,149,2,0,0,0,Georgia,0.41,,,
Georgia,Pike,2022,340,311,29,0,0,0,0,Georgia,0.09,,,
Georgia,Richmond,2022,365,195,170,0,0,0,0,Georgia,0.47,,,
Georgia,Rockdale,2022,243,214,29,0,0,0,0,Georgia,0.12,,,
Georgia,Sumter,2022,238,224,14,0,0,0,0,Georgia,0.06,,,
Georgia,Walker,2022,352,136,216,0,0,0,0,Georgia,0.61,,,
Georgia,Washington,2022,362,142,217,3,0,0,0,Georgia,0.61,,,
Hawaii,Hawaii,2022,365,328,37,0,0,0,0,Hawaii,0.10,,,
Hawaii,Honolulu,2022,365,356,9,0,0,0,0,Hawaii,0.02,,,
Hawaii,Kauai,2022,90,90,0,0,0,0,0,Hawaii,0.00,,,
Hawaii,Maui,2022,361,357,4,0,0,0,0,Hawaii,0.01,,,
Idaho,Ada,2022,365,196,162,6,1,0,0,Idaho,0.46,,,
Idaho,Bannock,2022,365,270,93,2,0,0,0,Idaho,0.26,,,
Idaho,Benewah,2022,365,187,167,8,3,0,0,Idaho,0.49,,,
Idaho,Blaine,2022,355,321,29,2,3,0,0,Idaho,0.10,,,
Idaho,Boise,2022,365,238,123,2,2,0,0,Idaho,0.35,,,
Idaho,Bonner,2022,364,259,97,5,2,1,0,Idaho,0.29,,,
Idaho,Bonneville,2022,357,306,50,1,0,0,0,Idaho,0.14,,,
Idaho,Butte,2022,365,337,28,0,0,0,0,Idaho,0.08,,,
Idaho,Canyon,2022,364,189,167,7,1,0,0,Idaho,0.48,,,
Idaho,Custer,2022,105,98,7,0,0,0,0,Idaho,0.07,,,
Idaho,Franklin,2022,365,310,54,1,0,0,0,Idaho,0.15,,,
Idaho,Idaho,2022,365,242,113,4,4,2,0,Idaho,0.34,,,
Idaho,Kootenai,2022,359,264,88,4,3,0,0,Idaho,0.26,,,
Idaho,Latah,2022,361,312,44,1,4,0,0,Idaho,0.14,,,
Idaho,Lemhi,2022,365,199,136,18,10,2,0,Idaho,0.45,,,
Idaho,Nez Perce,2022,365,252,107,2,4,0,0,Idaho,0.31,,,
Idaho,Shoshone,2022,365,217,141,4,3,0,0,Idaho,0.41,,,
Idaho,Twin Falls,2022,353,280,71,1,1,0,0,Idaho,0.21,,,
Idaho,Valley,2022,351,241,102,6,2,0,0,Idaho,0.31,,,
Illinois,Adams,2022,237,230,7,0,0,0,0,Illinois,0.03,,,
Illinois,Champaign,2022,365,223,141,1,0,0,0,Illinois,0.39,,,
Illinois,Clark,2022,312,296,15,1,0,0,0,Illinois,0.05,,,
Illinois,Cook,2022,365,117,240,7,1,0,0,Illinois,0.68,,,
Illinois,DuPage,2022,365,199,165,1,0,0,0,Illinois,0.45,,,
Illinois,Effingham,2022,239,215,24,0,0,0,0,Illinois,0.10,,,
Illinois,Hamilton,2022,365,227,138,0,0,0,0,Illinois,0.38,,,
Illinois,Jersey,2022,365,240,120,5,0,0,0,Illinois,0.34,,,
Illinois,Jo Daviess,2022,343,328,15,0,0,0,0,Illinois,0.04,,,
Illinois,Kane,2022,285,189,93,3,0,0,0,Illinois,0.34,,,
Illinois,Lake,2022,243,199,41,2,1,0,0,Illinois,0.18,,,
Illinois,Macon,2022,365,209,154,2,0,0,0,Illinois,0.43,,,
Illinois,Macoupin,2022,363,352,9,2,0,0,0,Illinois,0.03,,,
Illinois,Madison,2022,363,134,220,9,0,0,0,Illinois,0.63,,,
Illinois,McHenry,2022,365,199,163,3,0,0,0,Illinois,0.45,,,
Illinois,McLean,2022,365,207,156,2,0,0,0,Illinois,0.43,,,
Illinois,Peoria,2022,319,181,138,0,0,0,0,Illinois,0.43,,,
Illinois,Randolph,2022,365,244,119,2,0,0,0,Illinois,0.33,,,
Illinois,Rock Island,2022,360,214,146,0,0,0,0,Illinois,0.41,,,
Illinois,Saint Clair,2022,365,165,199,1,0,0,0,Illinois,0.55,,,
Illinois,Sangamon,2022,362,220,138,4,0,0,0,Illinois,0.39,,,
Illinois,Will,2022,365,193,170,2,0,0,0,Illinois,0.47,,,
Illinois,Winnebago,2022,363,237,126,0,0,0,0,Illinois,0.35,,,
Indiana,Allen,2022,351,326,23,2,0,0,0,Indiana,0.07,,,
Indiana,Bartholomew,2022,365,280,84,1,0,0,0,Indiana,0.23,,,
Indiana,Boone,2022,362,331,30,1,0,0,0,Indiana,0.09,,,
Indiana,Brown,2022,358,348,10,0,0,0,0,Indiana,0.03,,,
Indiana,Carroll,2022,364,343,21,0,0,0,0,Indiana,0.06,,,
Indiana,Clark,2022,363,170,192,1,0,0,0,Indiana,0.53,,,
Indiana,Delaware,2022,359,303,55,1,0,0,0,Indiana,0.16,,,
Indiana,Dubois,2022,123,80,43,0,0,0,0,Indiana,0.35,,,
Indiana,Elkhart,2022,362,242,117,3,0,0,0,Indiana,0.33,,,
Indiana,Floyd,2022,354,337,17,0,0,0,0,Indiana,0.05,,,
Indiana,Greene,2022,351,298,51,2,0,0,0,Indiana,0.15,,,
Indiana,Hamilton,2022,365,241,124,0,0,0,0,Indiana,0.34,,,
Indiana,Hendricks,2022,352,338,14,0,0,0,0,Indiana,0.04,,,
Indiana,Henry,2022,111,87,24,0,0,0,0,Indiana,0.22,,,
Indiana,Howard,2022,364,246,114,4,0,0,0,Indiana,0.32,,,
Indiana,Knox,2022,344,321,23,0,0,0,0,Indiana,0.07,,,
Indiana,LaPorte,2022,365,302,60,3,0,0,0,Indiana,0.17,,,
Indiana,Lake,2022,365,152,208,5,0,0,0,Indiana,0.58,,,
Indiana,Madison,2022,365,224,137,4,0,0,0,Indiana,0.39,,,
Indiana,Marion,2022,365,101,251,12,1,0,0,Indiana,0.72,,,
Indiana,Monroe,2022,347,265,82,0,0,0,0,Indiana,0.24,,,
Indiana,Perry,2022,365,344,20,1,0,0,0,Indiana,0.06,,,
Indiana,Porter,2022,365,229,130,5,0,1,0,Indiana,0.37,,,
Indiana,Posey,2022,364,349,15,0,0,0,0,Indiana,0.04,,,
Indiana,Shelby,2022,364,336,26,2,0,0,0,Indiana,0.08,,,
Indiana,Spencer,2022,111,75,36,0,0,0,0,Indiana,0.32,,,
Indiana,St. Joseph,2022,365,167,192,6,0,0,0,Indiana,0.54,,,
Indiana,Tippecanoe,2022,350,268,82,0,0,0,0,Indiana,0.23,,,
Indiana,Vanderburgh,2022,365,172,193,0,0,0,0,Indiana,0.53,,,
Indiana,Vigo,2022,365,203,160,2,0,0,0,Indiana,0.44,,,
Indiana,Wabash,2022,362,334,27,1,0,0,0,Indiana,0.08,,,
Indiana,Warrick,2022,365,326,38,1,0,0,0,Indiana,0.11,,,
Indiana,Whitley,2022,360,221,138,1,0,0,0,Indiana,0.39,,,
Iowa,Black Hawk,2022,364,232,132,0,0,0,0,Iowa,0.36,,,
Iowa,Bremer,2022,243,235,8,0,0,0,0,Iowa,0.03,,,
Iowa,Cerro Gordo,2022,117,116,1,0,0,0,0,Iowa,0.01,,,
Iowa,Clinton,2022,364,165,198,1,0,0,0,Iowa,0.55,,,
Iowa,Harrison,2022,237,210,27,0,0,0,0,Iowa,0.11,,,
Iowa,Johnson,2022,365,223,141,1,0,0,0,Iowa,0.39,,,
Iowa,Lee,2022,106,73,33,0,0,0,0,Iowa,0.31,,,
Iowa,Linn,2022,365,197,168,0,0,0,0,Iowa,0.46,,,
Iowa,Montgomery,2022,363,305,58,0,0,0,0,Iowa,0.16,,,
Iowa,Muscatine,2022,365,235,130,0,0,0,0,Iowa,0.36,,,
Iowa,Palo Alto,2022,365,271,94,0,0,0,0,Iowa,0.26,,,
Iowa,Polk,2022,365,273,92,0,0,0,0,Iowa,0.25,,,
Iowa,Pottawattamie,2022,121,91,30,0,0,0,0,Iowa,0.25,,,
Iowa,Scott,2022,365,202,163,0,0,0,0,Iowa,0.45,,,
Iowa,Van Buren,2022,365,271,93,1,0,0,0,Iowa,0.26,,,
Iowa,Woodbury,2022,113,91,22,0,0,0,0,Iowa,0.19,,,
Kansas,Chase,2022,121,110,11,0,0,0,0,Kansas,0.09,,,
Kansas,Ford,2022,362,339,21,1,1,0,0,Kansas,0.06,,,
Kansas,Johnson,2022,365,227,137,1,0,0,0,Kansas,0.38,,,
Kansas,Leavenworth,2022,365,341,24,0,0,0,0,Kansas,0.07,,,
Kansas,Neosho,2022,360,201,159,0,0,0,0,Kansas,0.44,,,
Kansas,Sedgwick,2022,365,183,178,4,0,0,0,Kansas,0.50,,,
Kansas,Shawnee,2022,350,220,130,0,0,0,0,Kansas,0.37,,,
Kansas,Sherman,2022,360,338,18,3,0,0,1,Kansas,0.06,,,
Kansas,Sumner,2022,365,197,165,3,0,0,0,Kansas,0.46,,,
Kansas,Trego,2022,360,266,91,2,1,0,0,Kansas,0.26,,,
Kansas,Wyandotte,2022,365,179,184,2,0,0,0,Kansas,0.51,,,
Kentucky,Bell,2022,365,197,168,0,0,0,0,Kentucky,0.46,,,
Kentucky,Boone,2022,199,173,26,0,0,0,0,Kentucky,0.13,,,
Kentucky,Boyd,2022,365,252,113,0,0,0,0,Kentucky,0.31,,,
Kentucky,Bullitt,2022,239,212,26,1,0,0,0,Kentucky,0.11,,,
Kentucky,Campbell,2022,362,246,115,1,0,0,0,Kentucky,0.32,,,
Kentucky,Carter,2022,361,293,68,0,0,0,0,Kentucky,0.19,,,
Kentucky,Christian,2022,365,201,164,0,0,0,0,Kentucky,0.45,,,
Kentucky,Daviess,2022,365,230,135,0,0,0,0,Kentucky,0.37,,,
Kentucky,Edmonson,2022,365,334,31,0,0,0,0,Kentucky,0.08,,,
Kentucky,Fayette,2022,365,235,129,1,0,0,0,Kentucky,0.36,,,
Kentucky,Greenup,2022,243,230,13,0,0,0,0,Kentucky,0.05,,,
Kentucky,Hancock,2022,243,219,23,1,0,0,0,Kentucky,0.10,,,
Kentucky,Hardin,2022,362,242,120,0,0,0,0,Kentucky,0.33,,,
Kentucky,Jefferson,2022,365,147,211,7,0,0,0,Kentucky,0.60,,,
Kentucky,Jessamine,2022,243,215,28,0,0,0,0,Kentucky,0.12,,,
Kentucky,Livingston,2022,243,207,34,2,0,0,0,Kentucky,0.15,,,
Kentucky,McCracken,2022,345,217,125,3,0,0,0,Kentucky,0.37,,,
Kentucky,Morgan,2022,364,347,17,0,0,0,0,Kentucky,0.05,,,
Kentucky,Oldham,2022,245,221,22,2,0,0,0,Kentucky,0.10,,,
Kentucky,Perry,2022,348,226,119,1,2,0,0,Kentucky,0.35,,,
Kentucky,Pike,2022,365,296,69,0,0,0,0,Kentucky,0.19,,,
Kentucky,Pulaski,2022,359,259,100,0,0,0,0,Kentucky,0.28,,,
Kentucky,Simpson,2022,241,217,24,0,0,0,0,Kentucky,0.10,,,
Kentucky,Trigg,2022,126,116,10,0,0,0,0,Kentucky,0.08,,,
Kentucky,Warren,2022,363,248,115,0,0,0,0,Kentucky,0.32,,,
Kentucky,Washington,2022,364,340,24,0,0,0,0,Kentucky,0.07,,,
Louisiana,Ascension,2022,364,336,28,0,0,0,0,Louisiana,0.08,,,
Louisiana,Bossier,2022,358,162,196,0,0,0,0,Louisiana,0.55,,,
Louisiana,Caddo,2022,363,274,88,1,0,0,0,Louisiana,0.25,,,
Louisiana,Calcasieu,2022,365,167,198,0,0,0,0,Louisiana,0.54,,,
Louisiana,East Baton Rouge,2022,365,205,157,3,0,0,0,Louisiana,0.44,,,
Louisiana,Iberville,2022,365,267,91,6,1,0,0,Louisiana,0.27,,,
Louisiana,Jefferson,2022,362,219,143,0,0,0,0,Louisiana,0.40,,,
Louisiana,Lafayette,2022,364,213,149,2,0,0,0,Louisiana,0.41,,,
Louisiana,Lafourche,2022,351,238,112,1,0,0,0,Louisiana,0.32,,,
Louisiana,Livingston,2022,361,177,181,3,0,0,0,Louisiana,0.51,,,
Louisiana,Orleans,2022,365,286,77,2,0,0,0,Louisiana,0.22,,,
Louisiana,Ouachita,2022,359,309,49,1,0,0,0,Louisiana,0.14,,,
Louisiana,Pointe Coupee,2022,346,323,22,1,0,0,0,Louisiana,0.07,,,
Louisiana,Rapides,2022,119,85,33,1,0,0,0,Louisiana,0.29,,,
Louisiana,St. Bernard,2022,365,209,155,1,0,0,0,Louisiana,0.43,,,
Louisiana,St. James,2022,361,345,16,0,0,0,0,Louisiana,0.04,,,
Louisiana,St. John the Baptist,2022,351,335,16,0,0,0,0,Louisiana,0.05,,,
Louisiana,St. Martin,2022,338,296,42,0,0,0,0,Louisiana,0.12,,,
Louisiana,St. Tammany,2022,365,277,87,1,0,0,0,Louisiana,0.24,,,
Louisiana,Tangipahoa,2022,124,89,35,0,0,0,0,Louisiana,0.28,,,
Louisiana,Terrebonne,2022,121,90,31,0,0,0,0,Louisiana,0.26,,,
Louisiana,West Baton Rouge,2022,364,216,144,4,0,0,0,Louisiana,0.41,,,
Maine,Androscoggin,2022,358,327,31,0,0,0,0,Maine,0.09,,,
Maine,Aroostook,2022,364,304,60,0,0,0,0,Maine,0.16,,,
Maine,Cumberland,2022,362,323,36,3,0,0,0,Maine,0.11,,,
Maine,Hancock,2022,361,326,34,1,0,0,0,Maine,0.10,,,
Maine,Kennebec,2022,203,194,9,0,0,0,0,Maine,0.04,,,
Maine,Knox,2022,212,206,6,0,0,0,0,Maine,0.03,,,
Maine,Oxford,2022,358,324,34,0,0,0,0,Maine,0.09,,,
Maine,Penobscot,2022,361,324,37,0,0,0,0,Maine,0.10,,,
Maine,Sagadahoc,2022,169,159,10,0,0,0,0,Maine,0.06,,,
Maine,Washington,2022,364,355,9,0,0,0,0,Maine,0.02,,,
Maine,York,2022,246,230,14,2,0,0,0,Maine,0.07,,,
Maryland,Anne Arundel,2022,263,247,16,0,0,0,0,Maryland,0.06,,,
Maryland,Baltimore,2022,365,238,126,1,0,0,0,Maryland,0.35,,,
Maryland,Baltimore (City),2022,353,242,109,2,0,0,0,Maryland,0.31,,,
Maryland,Calvert,2022,239,225,14,0,0,0,0,Maryland,0.06,,,
Maryland,Carroll,2022,243,210,32,1,0,0,0,Maryland,0.14,,,
Maryland,Cecil,2022,361,267,93,1,0,0,0,Maryland,0.26,,,
Maryland,Charles,2022,245,225,20,0,0,0,0,Maryland,0.08,,,
Maryland,Dorchester,2022,365,274,91,0,0,0,0,Maryland,0.25,,,
Maryland,Frederick,2022,236,212,23,1,0,0,0,Maryland,0.10,,,
Maryland,Garrett,2022,365,330,35,0,0,0,0,Maryland,0.10,,,
Maryland,Harford,2022,360,262,98,0,0,0,0,Maryland,0.27,,,
Maryland,Howard,2022,365,290,75,0,0,0,0,Maryland,0.21,,,
Maryland,Kent,2022,361,292,69,0,0,0,0,Maryland,0.19,,,
Maryland,Montgomery,2022,355,241,113,1,0,0,0,Maryland,0.32,,,
Maryland,Prince George's,2022,365,313,51,1,0,0,0,Maryland,0.14,,,
Maryland,Washington,2022,344,283,61,0,0,0,0,Maryland,0.18,,,
Massachusetts,Barnstable,2022,360,341,19,0,0,0,0,Massachusetts,0.05,,,
Massachusetts,Berkshire,2022,365,269,96,0,0,0,0,Massachusetts,0.26,,,
Massachusetts,Bristol,2022,365,301,63,1,0,0,0,Massachusetts,0.18,,,
Massachusetts,Dukes,2022,359,338,20,1,0,0,0,Massachusetts,0.06,,,
Massachusetts,Essex,2022,365,276,84,5,0,0,0,Massachusetts,0.24,,,
Massachusetts,Franklin,2022,365,271,93,1,0,0,0,Massachusetts,0.26,,,
Massachusetts,Hampden,2022,365,262,102,1,0,0,0,Massachusetts,0.28,,,
Massachusetts,Hampshire,2022,365,267,98,0,0,0,0,Massachusetts,0.27,,,
Massachusetts,Middlesex,2022,365,310,55,0,0,0,0,Massachusetts,0.15,,,
Massachusetts,Norfolk,2022,365,304,60,1,0,0,0,Massachusetts,0.17,,,
Massachusetts,Plymouth,2022,360,235,125,0,0,0,0,Massachusetts,0.35,,,
Massachusetts,Suffolk,2022,365,261,102,2,0,0,0,Massachusetts,0.28,,,
Massachusetts,Worcester,2022,365,228,137,0,0,0,0,Massachusetts,0.38,,,
Michigan,Allegan,2022,344,256,82,4,2,0,0,Michigan,0.26,,,
Michigan,Bay,2022,354,287,67,0,0,0,0,Michigan,0.19,,,
Michigan,Benzie,2022,243,218,22,2,1,0,0,Michigan,0.10,,,
Michigan,Berrien,2022,232,197,30,4,1,0,0,Michigan,0.15,,,
Michigan,Cass,2022,233,212,19,2,0,0,0,Michigan,0.09,,,
Michigan,Clinton,2022,235,213,22,0,0,0,0,Michigan,0.09,,,
Michigan,Genesee,2022,364,237,125,2,0,0,0,Michigan,0.35,,,
Michigan,Huron,2022,243,227,15,1,0,0,0,Michigan,0.07,,,
Michigan,Ingham,2022,360,236,124,0,0,0,0,Michigan,0.34,,,
Michigan,Kalamazoo,2022,352,177,172,3,0,0,0,Michigan,0.50,,,
Michigan,Kent,2022,365,209,152,4,0,0,0,Michigan,0.43,,,
Michigan,Keweenaw,2022,122,119,3,0,0,0,0,Michigan,0.02,,,
Michigan,Lenawee,2022,365,250,115,0,0,0,0,Michigan,0.32,,,
Michigan,Macomb,2022,365,223,140,2,0,0,0,Michigan,0.39,,,
Michigan,Manistee,2022,267,235,29,2,1,0,0,Michigan,0.12,,,
Michigan,Mason,2022,236,219,15,1,1,0,0,Michigan,0.07,,,
Michigan,Missaukee,2022,363,228,134,1,0,0,0,Michigan,0.37,,,
Michigan,Monroe,2022,61,51,8,1,0,0,1,Michigan,0.16,,,
Michigan,Muskegon,2022,243,211,25,5,2,0,0,Michigan,0.13,,,
Michigan,Oakland,2022,282,236,46,0,0,0,0,Michigan,0.16,,,
Michigan,Ottawa,2022,332,194,134,2,2,0,0,Michigan,0.42,,,
Michigan,Schoolcraft,2022,362,318,43,1,0,0,0,Michigan,0.12,,,
Michigan,St. Clair,2022,359,232,125,2,0,0,0,Michigan,0.35,,,
Michigan,Tuscola,2022,361,334,26,1,0,0,0,Michigan,0.07,,,
Michigan,Washtenaw,2022,365,222,142,1,0,0,0,Michigan,0.39,,,
Michigan,Wayne,2022,365,63,287,15,0,0,0,Michigan,0.83,,,
Michigan,Wexford,2022,359,331,24,4,0,0,0,Michigan,0.08,,,
Minnesota,Anoka,2022,365,289,76,0,0,0,0,Minnesota,0.21,,,
Minnesota,Becker,2022,354,321,32,1,0,0,0,Minnesota,0.09,,,
Minnesota,Beltrami,2022,346,318,28,0,0,0,0,Minnesota,0.08,,,
Minnesota,Carlton,2022,355,351,4,0,0,0,0,Minnesota,0.01,,,
Minnesota,Cass,2022,348,309,39,0,0,0,0,Minnesota,0.11,,,
Minnesota,Cook,2022,330,327,3,0,0,0,0,Minnesota,0.01,,,
Minnesota,Crow Wing,2022,365,324,41,0,0,0,0,Minnesota,0.11,,,
Minnesota,Dakota,2022,365,286,79,0,0,0,0,Minnesota,0.22,,,
Minnesota,Goodhue,2022,220,210,10,0,0,0,0,Minnesota,0.05,,,
Minnesota,Hennepin,2022,365,244,121,0,0,0,0,Minnesota,0.33,,,
Minnesota,Lake,2022,357,342,15,0,0,0,0,Minnesota,0.04,,,
Minnesota,Lyon,2022,356,303,51,0,2,0,0,Minnesota,0.15,,,
Minnesota,Mille Lacs,2022,151,151,0,0,0,0,0,Minnesota,0.00,,,
Minnesota,Olmsted,2022,359,280,78,1,0,0,0,Minnesota,0.22,,,
Minnesota,Ramsey,2022,365,267,98,0,0,0,0,Minnesota,0.27,,,
Minnesota,Saint Louis,2022,365,322,43,0,0,0,0,Minnesota,0.12,,,
Minnesota,Scott,2022,365,282,83,0,0,0,0,Minnesota,0.23,,,
Minnesota,Stearns,2022,277,204,73,0,0,0,0,Minnesota,0.26,,,
Minnesota,Washington,2022,227,212,15,0,0,0,0,Minnesota,0.07,,,
Minnesota,Winona,2022,121,113,8,0,0,0,0,Minnesota,0.07,,,
Minnesota,Wright,2022,356,278,78,0,0,0,0,Minnesota,0.22,,,
Mississippi,Bolivar,2022,365,234,131,0,0,0,0,Mississippi,0.36,,,
Mississippi,DeSoto,2022,365,211,148,6,0,0,0,Mississippi,0.42,,,
Mississippi,Forrest,2022,365,178,186,1,0,0,0,Mississippi,0.51,,,
Mississippi,Hancock,2022,359,238,121,0,0,0,0,Mississippi,0.34,,,
Mississippi,Harrison,2022,365,211,154,0,0,0,0,Mississippi,0.42,,,
Mississippi,Hinds,2022,365,168,195,2,0,0,0,Mississippi,0.54,,,
Mississippi,Jackson,2022,365,243,121,1,0,0,0,Mississippi,0.33,,,
Mississippi,Lauderdale,2022,240,230,10,0,0,0,0,Mississippi,0.04,,,
Mississippi,Lee,2022,244,225,19,0,0,0,0,Mississippi,0.08,,,
Mississippi,Yalobusha,2022,340,327,13,0,0,0,0,Mississippi,0.04,,,
Missouri,Andrew,2022,245,213,31,1,0,0,0,Missouri,0.13,,,
Missouri,Boone,2022,245,235,10,0,0,0,0,Missouri,0.04,,,
Missouri,Buchanan,2022,365,237,126,2,0,0,0,Missouri,0.35,,,
Missouri,Callaway,2022,244,222,22,0,0,0,0,Missouri,0.09,,,
Missouri,Cass,2022,360,287,73,0,0,0,0,Missouri,0.20,,,
Missouri,Cedar,2022,349,274,75,0,0,0,0,Missouri,0.21,,,
Missouri,Clay,2022,365,286,75,4,0,0,0,Missouri,0.22,,,
Missouri,Clinton,2022,245,211,33,1,0,0,0,Missouri,0.14,,,
Missouri,Greene,2022,365,202,163,0,0,0,0,Missouri,0.45,,,
Missouri,Jackson,2022,365,160,205,0,0,0,0,Missouri,0.56,,,
Missouri,Jasper,2022,363,283,79,1,0,0,0,Missouri,0.22,,,
Missouri,Jefferson,2022,360,236,121,3,0,0,0,Missouri,0.34,,,
Missouri,Lincoln,2022,245,214,30,1,0,0,0,Missouri,0.13,,,
Missouri,Monroe,2022,365,364,1,0,0,0,0,Missouri,0.00,,,
Missouri,Perry,2022,245,211,34,0,0,0,0,Missouri,0.14,,,
Missouri,Saint Charles,2022,245,206,32,7,0,0,0,Missouri,0.16,,,
Missouri,Saint Louis,2022,365,263,100,2,0,0,0,Missouri,0.28,,,
Missouri,Sainte Genevieve,2022,244,215,29,0,0,0,0,Missouri,0.12,,,
Missouri,St. Louis City,2022,365,127,233,5,0,0,0,Missouri,0.65,,,
Missouri,Stoddard,2022,114,93,21,0,0,0,0,Missouri,0.18,,,
Missouri,Taney,2022,118,106,12,0,0,0,0,Missouri,0.10,,,
Montana,Cascade,2022,359,323,34,2,0,0,0,Montana,0.10,,,
Montana,Custer,2022,364,318,46,0,0,0,0,Montana,0.13,,,
Montana,Fergus,2022,365,341,22,2,0,0,0,Montana,0.07,,,
Montana,Flathead,2022,365,249,113,2,1,0,0,Montana,0.32,,,
Montana,Gallatin,2022,365,290,71,4,0,0,0,Montana,0.21,,,
Montana,Lake,2022,97,93,3,1,0,0,0,Montana,0.04,,,
Montana,Lewis and Clark,2022,365,239,119,4,3,0,0,Montana,0.35,,,
Montana,Lincoln,2022,365,184,175,4,2,0,0,Montana,0.50,,,
Montana,Missoula,2022,365,149,201,11,4,0,0,Montana,0.59,,,
Montana,Phillips,2022,365,344,21,0,0,0,0,Montana,0.06,,,
Montana,Powder River,2022,365,292,70,3,0,0,0,Montana,0.20,,,
Montana,Powell,2022,114,105,8,1,0,0,0,Montana,0.08,,,
Montana,Ravalli,2022,363,287,64,2,8,2,0,Montana,0.21,,,
Montana,Richland,2022,361,322,39,0,0,0,0,Montana,0.11,,,
Montana,Roosevelt,2022,101,98,3,0,0,0,0,Montana,0.03,,,
Montana,Rosebud,2022,337,337,0,0,0,0,0,Montana,0.00,,,
Montana,Sanders,2022,365,266,94,2,3,0,0,Montana,0.27,,,
Montana,Sheridan,2022,89,85,4,0,0,0,0,Montana,0.04,,,
Montana,Silver Bow,2022,365,268,87,8,2,0,0,Montana,0.27,,,
Montana,Yellowstone,2022,365,307,56,1,1,0,0,Montana,0.16,,,
Nebraska,Cass,2022,356,337,19,0,0,0,0,Nebraska,0.05,,,
Nebraska,Douglas,2022,365,278,86,1,0,0,0,Nebraska,0.24,,,
Nebraska,Gage,2022,278,252,26,0,0,0,0,Nebraska,0.09,,,
Nebraska,Hall,2022,350,301,49,0,0,0,0,Nebraska,0.14,,,
Nebraska,Knox,2022,355,319,36,0,0,0,0,Nebraska,0.10,,,
Nebraska,Lancaster,2022,277,258,19,0,0,0,0,Nebraska,0.07,,,
Nebraska,Sarpy,2022,331,269,62,0,0,0,0,Nebraska,0.19,,,
Nebraska,Scotts Bluff,2022,339,331,8,0,0,0,0,Nebraska,0.02,,,
Nebraska,Thomas,2022,89,85,4,0,0,0,0,Nebraska,0.04,,,
Nebraska,Washington,2022,299,280,19,0,0,0,0,Nebraska,0.06,,,
Nevada,Carson City,2022,364,290,65,5,2,2,0,Nevada,0.20,,,
Nevada,Churchill,2022,349,330,19,0,0,0,0,Nevada,0.05,,,
Nevada,Clark,2022,365,71,268,20,3,1,2,Nevada,0.81,,,
Nevada,Douglas,2022,356,295,55,1,5,0,0,Nevada,0.17,,,
Nevada,Elko,2022,365,321,42,2,0,0,0,Nevada,0.12,,,
Nevada,Lyon,2022,355,329,25,1,0,0,0,Nevada,0.07,,,
Nevada,Nye,2022,358,306,41,6,4,1,0,Nevada,0.15,,,
Nevada,Washoe,2022,365,180,176,1,4,4,0,Nevada,0.51,,,
Nevada,White Pine,2022,346,287,59,0,0,0,0,Nevada,0.17,,,
New Hampshire,Belknap,2022,358,339,19,0,0,0,0,New Hampshire,0.05,,,
New Hampshire,Cheshire,2022,365,304,61,0,0,0,0,New Hampshire,0.17,,,
New Hampshire,Coos,2022,359,350,9,0,0,0,0,New Hampshire,0.03,,,
New Hampshire,Grafton,2022,365,330,35,0,0,0,0,New Hampshire,0.10,,,
New Hampshire,Hillsborough,2022,365,329,36,0,0,0,0,New Hampshire,0.10,,,
New Hampshire,Merrimack,2022,212,205,7,0,0,0,0,New Hampshire,0.03,,,
New Hampshire,Rockingham,2022,365,292,71,2,0,0,0,New Hampshire,0.20,,,
New Jersey,Atlantic,2022,365,316,48,0,1,0,0,New Jersey,0.13,,,
New Jersey,Bergen,2022,365,259,106,0,0,0,0,New Jersey,0.29,,,
New Jersey,Camden,2022,365,197,167,1,0,0,0,New Jersey,0.46,,,
New Jersey,Cumberland,2022,362,308,54,0,0,0,0,New Jersey,0.15,,,
New Jersey,Essex,2022,269,177,92,0,0,0,0,New Jersey,0.34,,,
New Jersey,Gloucester,2022,288,217,68,3,0,0,0,New Jersey,0.25,,,
New Jersey,Hudson,2022,365,232,131,2,0,0,0,New Jersey,0.36,,,
New Jersey,Hunterdon,2022,364,263,101,0,0,0,0,New Jersey,0.28,,,
New Jersey,Mercer,2022,365,227,135,3,0,0,0,New Jersey,0.38,,,
New Jersey,Middlesex,2022,365,261,103,1,0,0,0,New Jersey,0.28,,,
New Jersey,Monmouth,2022,248,226,20,1,1,0,0,New Jersey,0.09,,,
New Jersey,Morris,2022,360,320,40,0,0,0,0,New Jersey,0.11,,,
New Jersey,Ocean,2022,358,287,68,3,0,0,0,New Jersey,0.20,,,
New Jersey,Passaic,2022,304,251,53,0,0,0,0,New Jersey,0.17,,,
New Jersey,Union,2022,365,191,174,0,0,0,0,New Jersey,0.48,,,
New Jersey,Warren,2022,363,241,122,0,0,0,0,New Jersey,0.34,,,
New Mexico,Bernalillo,2022,365,81,251,28,2,1,2,New Mexico,0.78,,,
New Mexico,Catron,2022,114,112,2,0,0,0,0,New Mexico,0.02,,,
New Mexico,Chaves,2022,121,108,13,0,0,0,0,New Mexico,0.11,,,
New Mexico,Dona Ana,2022,365,157,179,24,1,2,2,New Mexico,0.57,,,
New Mexico,Eddy,2022,365,207,130,27,1,0,0,New Mexico,0.43,,,
New Mexico,Lea,2022,365,237,123,5,0,0,0,New Mexico,0.35,,,
New Mexico,Lincoln,2022,109,105,4,0,0,0,0,New Mexico,0.04,,,
New Mexico,Los Alamos,2022,118,112,5,1,0,0,0,New Mexico,0.05,,,
New Mexico,Luna,2022,358,317,32,6,2,0,1,New Mexico,0.11,,,
New Mexico,Rio Arriba,2022,331,304,26,1,0,0,0,New Mexico,0.08,,,
New Mexico,San Juan,2022,365,238,116,9,1,1,0,New Mexico,0.35,,,
New Mexico,Sandoval,2022,360,295,64,1,0,0,0,New Mexico,0.18,,,
New Mexico,Santa Fe,2022,365,284,81,0,0,0,0,New Mexico,0.22,,,
New Mexico,Socorro,2022,115,111,4,0,0,0,0,New Mexico,0.03,,,
New Mexico,Taos,2022,359,323,36,0,0,0,0,New Mexico,0.10,,,
New Mexico,Valencia,2022,361,317,44,0,0,0,0,New Mexico,0.12,,,
New York,Albany,2022,365,276,89,0,0,0,0,New York,0.24,,,
New York,Bronx,2022,365,225,139,1,0,0,0,New York,0.38,,,
New York,Chautauqua,2022,355,322,29,4,0,0,0,New York,0.09,,,
New York,Dutchess,2022,341,321,20,0,0,0,0,New York,0.06,,,
New York,Erie,2022,365,238,125,2,0,0,0,New York,0.35,,,
New York,Essex,2022,365,342,21,2,0,0,0,New York,0.06,,,
New York,Hamilton,2022,350,345,5,0,0,0,0,New York,0.01,,,
New York,Jefferson,2022,360,352,8,0,0,0,0,New York,0.02,,,
New York,Kings,2022,364,240,124,0,0,0,0,New York,0.34,,,
New York,Monroe,2022,365,270,93,2,0,0,0,New York,0.26,,,
New York,Nassau,2022,361,303,58,0,0,0,0,New York,0.16,,,
New York,New York,2022,365,234,130,1,0,0,0,New York,0.36,,,
New York,Niagara,2022,358,339,18,1,0,0,0,New York,0.05,,,
New York,Oneida,2022,332,288,44,0,0,0,0,New York,0.13,,,
New York,Onondaga,2022,365,316,49,0,0,0,0,New York,0.13,,,
New York,Orange,2022,363,292,71,0,0,0,0,New York,0.20,,,
New York,Oswego,2022,354,349,5,0,0,0,0,New York,0.01,,,
New York,Putnam,2022,333,311,22,0,0,0,0,New York,0.07,,,
New York,Queens,2022,365,203,159,3,0,0,0,New York,0.44,,,
New York,Richmond,2022,365,278,86,1,0,0,0,New York,0.24,,,
New York,Rockland,2022,365,315,50,0,0,0,0,New York,0.14,,,
New York,Saratoga,2022,362,354,8,0,0,0,0,New York,0.02,,,
New York,Steuben,2022,365,326,39,0,0,0,0,New York,0.11,,,
New York,Suffolk,2022,365,272,85,8,0,0,0,New York,0.25,,,
New York,Tompkins,2022,361,349,12,0,0,0,0,New York,0.03,,,
New York,Wayne,2022,343,333,9,1,0,0,0,New York,0.03,,,
New York,Westchester,2022,365,300,65,0,0,0,0,New York,0.18,,,
North Carolina,Alexander,2022,300,280,20,0,0,0,0,North Carolina,0.07,,,
North Carolina,Avery,2022,321,297,24,0,0,0,0,North Carolina,0.07,,,
North Carolina,Buncombe,2022,365,291,74,0,0,0,0,North Carolina,0.20,,,
North Carolina,Caldwell,2022,245,224,21,0,0,0,0,North Carolina,0.09,,,
North Carolina,Carteret,2022,359,346,13,0,0,0,0,North Carolina,0.04,,,
North Carolina,Caswell,2022,264,253,11,0,0,0,0,North Carolina,0.04,,,
North Carolina,Catawba,2022,355,234,121,0,0,0,0,North Carolina,0.34,,,
North Carolina,Cumberland,2022,360,231,128,1,0,0,0,North Carolina,0.36,,,
North Carolina,Davidson,2022,354,196,158,0,0,0,0,North Carolina,0.45,,,
North Carolina,Durham,2022,365,273,92,0,0,0,0,North Carolina,0.25,,,
North Carolina,Edgecombe,2022,356,312,44,0,0,0,0,North Carolina,0.12,,,
North Carolina,Forsyth,2022,365,209,155,1,0,0,0,North Carolina,0.43,,,
North Carolina,Graham,2022,244,200,41,3,0,0,0,North Carolina,0.18,,,
North Carolina,Granville,2022,244,223,20,1,0,0,0,North Carolina,0.09,,,
North Carolina,Guilford,2022,365,223,142,0,0,0,0,North Carolina,0.39,,,
North Carolina,Haywood,2022,280,234,45,1,0,0,0,North Carolina,0.16,,,
North Carolina,Hyde,2022,115,112,3,0,0,0,0,North Carolina,0.03,,,
North Carolina,Johnston,2022,365,271,93,1,0,0,0,North Carolina,0.26,,,
North Carolina,Lenoir,2022,241,217,23,1,0,0,0,North Carolina,0.10,,,
North Carolina,Lincoln,2022,243,202,40,1,0,0,0,North Carolina,0.17,,,
North Carolina,Macon,2022,360,349,11,0,0,0,0,North Carolina,0.03,,,
North Carolina,Martin,2022,289,282,7,0,0,0,0,North Carolina,0.02,,,
North Carolina,Mecklenburg,2022,365,190,173,2,0,0,0,North Carolina,0.48,,,
North Carolina,Mitchell,2022,346,298,48,0,0,0,0,North Carolina,0.14,,,
North Carolina,Montgomery,2022,363,263,100,0,0,0,0,North Carolina,0.28,,,
North Carolina,New Hanover,2022,361,268,93,0,0,0,0,North Carolina,0.26,,,
North Carolina,Northampton,2022,362,284,78,0,0,0,0,North Carolina,0.22,,,
North Carolina,Person,2022,243,229,14,0,0,0,0,North Carolina,0.06,,,
North Carolina,Pitt,2022,365,305,60,0,0,0,0,North Carolina,0.16,,,
North Carolina,Rockingham,2022,239,219,20,0,0,0,0,North Carolina,0.08,,,
North Carolina,Rowan,2022,364,230,134,0,0,0,0,North Carolina,0.37,,,
North Carolina,Swain,2022,365,275,90,0,0,0,0,North Carolina,0.25,,,
North Carolina,Union,2022,244,218,26,0,0,0,0,North Carolina,0.11,,,
North Carolina,Wake,2022,365,228,136,1,0,0,0,North Carolina,0.38,,,
North Carolina,Yancey,2022,242,200,42,0,0,0,0,North Carolina,0.17,,,
North Dakota,Billings,2022,363,323,40,0,0,0,0,North Dakota,0.11,,,
North Dakota,Burke,2022,363,304,59,0,0,0,0,North Dakota,0.16,,,
North Dakota,Burleigh,2022,365,260,105,0,0,0,0,North Dakota,0.29,,,
North Dakota,Cass,2022,365,285,79,1,0,0,0,North Dakota,0.22,,,
North Dakota,Dunn,2022,362,308,54,0,0,0,0,North Dakota,0.15,,,
North Dakota,McKenzie,2022,331,294,37,0,0,0,0,North Dakota,0.11,,,
North Dakota,Mercer,2022,365,318,47,0,0,0,0,North Dakota,0.13,,,
North Dakota,Oliver,2022,364,268,96,0,0,0,0,North Dakota,0.26,,,
North Dakota,Ward,2022,359,315,44,0,0,0,0,North Dakota,0.12,,,
Ohio,Allen,2022,365,272,93,0,0,0,0,Ohio,0.25,,,
Ohio,Ashtabula,2022,239,211,23,5,0,0,0,Ohio,0.12,,,
Ohio,Athens,2022,119,107,12,0,0,0,0,Ohio,0.10,,,
Ohio,Belmont,2022,360,338,22,0,0,0,0,Ohio,0.06,,,
Ohio,Butler,2022,365,146,215,4,0,0,0,Ohio,0.60,,,
Ohio,Clark,2022,338,212,125,1,0,0,0,Ohio,0.37,,,
Ohio,Clermont,2022,360,238,121,1,0,0,0,Ohio,0.34,,,
Ohio,Clinton,2022,245,216,28,1,0,0,0,Ohio,0.12,,,
Ohio,Columbiana,2022,61,61,0,0,0,0,0,Ohio,0.00,,,
Ohio,Cuyahoga,2022,365,137,220,6,2,0,0,Ohio,0.62,,,
Ohio,Delaware,2022,244,230,14,0,0,0,0,Ohio,0.06,,,
Ohio,Fayette,2022,128,126,2,0,0,0,0,Ohio,0.02,,,
Ohio,Franklin,2022,365,206,157,2,0,0,0,Ohio,0.44,,,
Ohio,Geauga,2022,239,210,27,2,0,0,0,Ohio,0.12,,,
Ohio,Greene,2022,242,209,32,1,0,0,0,Ohio,0.14,,,
Ohio,Hamilton,2022,365,125,236,3,1,0,0,Ohio,0.66,,,
Ohio,Harrison,2022,42,34,8,0,0,0,0,Ohio,0.19,,,
Ohio,Jefferson,2022,365,149,216,0,0,0,0,Ohio,0.59,,,
Ohio,Knox,2022,245,225,19,1,0,0,0,Ohio,0.08,,,
Ohio,Lake,2022,365,281,80,4,0,0,0,Ohio,0.23,,,
Ohio,Lawrence,2022,361,220,141,0,0,0,0,Ohio,0.39,,,
Ohio,Licking,2022,245,226,17,2,0,0,0,Ohio,0.08,,,
Ohio,Lorain,2022,243,228,14,1,0,0,0,Ohio,0.06,,,
Ohio,Lucas,2022,362,240,117,5,0,0,0,Ohio,0.34,,,
Ohio,Madison,2022,244,218,26,0,0,0,0,Ohio,0.11,,,
Ohio,Mahoning,2022,349,214,132,3,0,0,0,Ohio,0.39,,,
Ohio,Medina,2022,362,284,76,2,0,0,0,Ohio,0.22,,,
Ohio,Miami,2022,245,214,29,2,0,0,0,Ohio,0.13,,,
Ohio,Montgomery,2022,365,205,158,2,0,0,0,Ohio,0.44,,,
Ohio,Noble,2022,353,319,34,0,0,0,0,Ohio,0.10,,,
Ohio,Portage,2022,282,226,52,3,1,0,0,Ohio,0.20,,,
Ohio,Preble,2022,365,235,128,2,0,0,0,Ohio,0.36,,,
Ohio,Scioto,2022,365,340,25,0,0,0,0,Ohio,0.07,,,
Ohio,Stark,2022,365,206,157,2,0,0,0,Ohio,0.44,,,
Ohio,Summit,2022,362,231,128,3,0,0,0,Ohio,0.36,,,
Ohio,Trumbull,2022,360,255,103,2,0,0,0,Ohio,0.29,,,
Ohio,Warren,2022,356,231,122,3,0,0,0,Ohio,0.35,,,
Ohio,Washington,2022,245,222,23,0,0,0,0,Ohio,0.09,,,
Ohio,Wood,2022,242,220,22,0,0,0,0,Ohio,0.09,,,
Oklahoma,Adair,2022,361,274,83,4,0,0,0,Oklahoma,0.24,,,
Oklahoma,Canadian,2022,284,218,63,3,0,0,0,Oklahoma,0.23,,,
Oklahoma,Carter,2022,343,254,88,0,1,0,0,Oklahoma,0.26,,,
Oklahoma,Cleveland,2022,348,182,162,4,0,0,0,Oklahoma,0.48,,,
Oklahoma,Comanche,2022,353,205,146,2,0,0,0,Oklahoma,0.42,,,
Oklahoma,Creek,2022,279,220,57,2,0,0,0,Oklahoma,0.21,,,
Oklahoma,Dewey,2022,346,219,124,3,0,0,0,Oklahoma,0.37,,,
Oklahoma,Grant,2022,119,102,17,0,0,0,0,Oklahoma,0.14,,,
Oklahoma,Kay,2022,361,225,136,0,0,0,0,Oklahoma,0.38,,,
Oklahoma,Kiowa,2022,257,185,70,2,0,0,0,Oklahoma,0.28,,,
Oklahoma,Love,2022,281,196,77,8,0,0,0,Oklahoma,0.30,,,
Oklahoma,Mayes,2022,266,246,19,1,0,0,0,Oklahoma,0.08,,,
Oklahoma,McClain,2022,278,204,71,3,0,0,0,Oklahoma,0.27,,,
Oklahoma,Nowata,2022,349,111,231,7,0,0,0,Oklahoma,0.68,,,
Oklahoma,Oklahoma,2022,365,144,215,6,0,0,0,Oklahoma,0.61,,,
Oklahoma,Osage,2022,292,221,64,5,2,0,0,Oklahoma,0.24,,,
Oklahoma,Ottawa,2022,365,151,203,6,4,1,0,Oklahoma,0.59,,,
Oklahoma,Pittsburg,2022,348,208,136,4,0,0,0,Oklahoma,0.40,,,
Oklahoma,Pontotoc,2022,152,131,20,1,0,0,0,Oklahoma,0.14,,,
Oklahoma,Sequoyah,2022,364,278,84,2,0,0,0,Oklahoma,0.24,,,
Oklahoma,Tulsa,2022,365,163,190,10,2,0,0,Oklahoma,0.55,,,
Oregon,Baker,2022,365,283,79,3,0,0,0,Oregon,0.22,,,
Oregon,Benton,2022,206,183,23,0,0,0,0,Oregon,0.11,,,
Oregon,Clackamas,2022,364,286,73,3,2,0,0,Oregon,0.21,,,
Oregon,Columbia,2022,362,293,66,1,2,0,0,Oregon,0.19,,,
Oregon,Crook,2022,359,288,69,2,0,0,0,Oregon,0.20,,,
Oregon,Deschutes,2022,365,282,77,2,3,1,0,Oregon,0.23,,,
Oregon,Douglas,2022,46,21,25,0,0,0,0,Oregon,0.54,,,
Oregon,Grant,2022,365,198,166,1,0,0,0,Oregon,0.46,,,
Oregon,Harney,2022,365,226,137,2,0,0,0,Oregon,0.38,,,
Oregon,Jackson,2022,365,211,146,5,3,0,0,Oregon,0.42,,,
Oregon,Jefferson,2022,365,272,92,1,0,0,0,Oregon,0.25,,,
Oregon,Josephine,2022,365,208,142,8,6,1,0,Oregon,0.43,,,
Oregon,Klamath,2022,365,222,139,2,2,0,0,Oregon,0.39,,,
Oregon,Lake,2022,365,273,88,4,0,0,0,Oregon,0.25,,,
Oregon,Lane,2022,365,194,132,5,14,9,11,Oregon,0.47,,,
Oregon,Linn,2022,365,254,109,2,0,0,0,Oregon,0.30,,,
Oregon,Marion,2022,365,254,104,5,2,0,0,Oregon,0.30,,,
Oregon,Multnomah,2022,365,266,94,3,2,0,0,Oregon,0.27,,,
Oregon,Umatilla,2022,365,244,118,3,0,0,0,Oregon,0.33,,,
Oregon,Union,2022,361,283,74,4,0,0,0,Oregon,0.22,,,
Oregon,Wallowa,2022,343,270,65,3,5,0,0,Oregon,0.21,,,
Oregon,Wasco,2022,161,161,0,0,0,0,0,Oregon,0.00,,,
Oregon,Washington,2022,365,244,118,1,2,0,0,Oregon,0.33,,,
Pennsylvania,Adams,2022,365,221,144,0,0,0,0,Pennsylvania,0.39,,,
Pennsylvania,Allegheny,2022,365,129,225,10,1,0,0,Pennsylvania,0.65,,,
Pennsylvania,Armstrong,2022,365,198,165,2,0,0,0,Pennsylvania,0.46,,,
Pennsylvania,Beaver,2022,364,174,189,1,0,0,0,Pennsylvania,0.52,,,
Pennsylvania,Berks,2022,365,240,123,2,0,0,0,Pennsylvania,0.34,,,
Pennsylvania,Blair,2022,363,234,129,0,0,0,0,Pennsylvania,0.36,,,
Pennsylvania,Bradford,2022,303,246,57,0,0,0,0,Pennsylvania,0.19,,,
Pennsylvania,Bucks,2022,237,196,39,2,0,0,0,Pennsylvania,0.17,,,
Pennsylvania,Cambria,2022,363,171,191,1,0,0,0,Pennsylvania,0.53,,,
Pennsylvania,Centre,2022,365,240,125,0,0,0,0,Pennsylvania,0.34,,,
Pennsylvania,Chester,2022,364,249,115,0,0,0,0,Pennsylvania,0.32,,,
Pennsylvania,Clearfield,2022,219,215,4,0,0,0,0,Pennsylvania,0.02,,,
Pennsylvania,Cumberland,2022,360,213,146,1,0,0,0,Pennsylvania,0.41,,,
Pennsylvania,Dauphin,2022,365,198,164,3,0,0,0,Pennsylvania,0.46,,,
Pennsylvania,Delaware,2022,365,191,174,0,0,0,0,Pennsylvania,0.48,,,
Pennsylvania,Elk,2022,363,353,9,1,0,0,0,Pennsylvania,0.03,,,
Pennsylvania,Erie,2022,365,286,79,0,0,0,0,Pennsylvania,0.22,,,
Pennsylvania,Fayette,2022,302,218,84,0,0,0,0,Pennsylvania,0.28,,,
Pennsylvania,Franklin,2022,237,225,12,0,0,0,0,Pennsylvania,0.05,,,
Pennsylvania,Greene,2022,294,231,63,0,0,0,0,Pennsylvania,0.21,,,
Pennsylvania,Indiana,2022,365,264,100,1,0,0,0,Pennsylvania,0.28,,,
Pennsylvania,Lackawanna,2022,363,259,104,0,0,0,0,Pennsylvania,0.29,,,
Pennsylvania,Lancaster,2022,365,84,274,6,1,0,0,Pennsylvania,0.77,,,
Pennsylvania,Lawrence,2022,243,223,18,2,0,0,0,Pennsylvania,0.08,,,
Pennsylvania,Lebanon,2022,364,224,138,2,0,0,0,Pennsylvania,0.38,,,
Pennsylvania,Lehigh,2022,359,246,113,0,0,0,0,Pennsylvania,0.31,,,
Pennsylvania,Luzerne,2022,235,224,11,0,0,0,0,Pennsylvania,0.05,,,
Pennsylvania,Lycoming,2022,304,221,83,0,0,0,0,Pennsylvania,0.27,,,
Pennsylvania,Mercer,2022,365,288,74,3,0,0,0,Pennsylvania,0.21,,,
Pennsylvania,Monroe,2022,202,184,18,0,0,0,0,Pennsylvania,0.09,,,
Pennsylvania,Montgomery,2022,362,237,124,1,0,0,0,Pennsylvania,0.35,,,
Pennsylvania,Northampton,2022,358,224,132,2,0,0,0,Pennsylvania,0.37,,,
Pennsylvania,Philadelphia,2022,365,155,206,4,0,0,0,Pennsylvania,0.58,,,
Pennsylvania,Somerset,2022,360,351,9,0,0,0,0,Pennsylvania,0.03,,,
Pennsylvania,Susquehanna,2022,279,219,60,0,0,0,0,Pennsylvania,0.22,,,
Pennsylvania,Tioga,2022,302,248,54,0,0,0,0,Pennsylvania,0.18,,,
Pennsylvania,Washington,2022,365,173,192,0,0,0,0,Pennsylvania,0.53,,,
Pennsylvania,Westmoreland,2022,304,198,106,0,0,0,0,Pennsylvania,0.35,,,
Pennsylvania,Wyoming,2022,270,219,51,0,0,0,0,Pennsylvania,0.19,,,
Pennsylvania,York,2022,365,205,159,1,0,0,0,Pennsylvania,0.44,,,
Rhode Island,Kent,2022,358,334,24,0,0,0,0,Rhode Island,0.07,,,
Rhode Island,Providence,2022,365,263,101,1,0,0,0,Rhode Island,0.28,,,
Rhode Island,Washington,2022,356,313,39,3,1,0,0,Rhode Island,0.12,,,
South Carolina,Aiken,2022,271,246,25,0,0,0,0,South Carolina,0.09,,,
South Carolina,Anderson,2022,246,230,16,0,0,0,0,South Carolina,0.07,,,
South Carolina,Berkeley,2022,234,221,13,0,0,0,0,South Carolina,0.06,,,
South Carolina,Charleston,2022,365,209,156,0,0,0,0,South Carolina,0.43,,,
South Carolina,Chesterfield,2022,343,273,70,0,0,0,0,South Carolina,0.20,,,
South Carolina,Darlington,2022,265,249,16,0,0,0,0,South Carolina,0.06,,,
South Carolina,Edgefield,2022,364,250,114,0,0,0,0,South Carolina,0.31,,,
South Carolina,Florence,2022,333,210,123,0,0,0,0,South Carolina,0.37,,,
South Carolina,Greenville,2022,365,179,186,0,0,0,0,South Carolina,0.51,,,
South Carolina,Horry,2022,263,247,16,0,0,0,0,South Carolina,0.06,,,
South Carolina,Lexington,2022,363,263,100,0,0,0,0,South Carolina,0.28,,,
South Carolina,Richland,2022,365,265,100,0,0,0,0,South Carolina,0.27,,,
South Carolina,Spartanburg,2022,363,206,157,0,0,0,0,South Carolina,0.43,,,
South Carolina,York,2022,363,253,109,1,0,0,0,South Carolina,0.30,,,
South Dakota,Brookings,2022,364,320,44,0,0,0,0,South Dakota,0.12,,,
South Dakota,Brown,2022,350,325,25,0,0,0,0,South Dakota,0.07,,,
South Dakota,Clay,2022,365,320,45,0,0,0,0,South Dakota,0.12,,,
South Dakota,Codington,2022,365,285,79,1,0,0,0,South Dakota,0.22,,,
South Dakota,Custer,2022,362,298,62,2,0,0,0,South Dakota,0.18,,,
South Dakota,Hughes,2022,362,352,10,0,0,0,0,South Dakota,0.03,,,
South Dakota,Jackson,2022,365,311,54,0,0,0,0,South Dakota,0.15,,,
South Dakota,Meade,2022,364,347,17,0,0,0,0,South Dakota,0.05,,,
South Dakota,Minnehaha,2022,365,300,64,1,0,0,0,South Dakota,0.18,,,
South Dakota,Pennington,2022,363,238,123,2,0,0,0,South Dakota,0.34,,,
Tennessee,Anderson,2022,245,228,17,0,0,0,0,Tennessee,0.07,,,
Tennessee,Blount,2022,365,238,126,1,0,0,0,Tennessee,0.35,,,
Tennessee,Claiborne,2022,363,355,8,0,0,0,0,Tennessee,0.02,,,
Tennessee,Davidson,2022,365,168,195,2,0,0,0,Tennessee,0.54,,,
Tennessee,DeKalb,2022,359,348,11,0,0,0,0,Tennessee,0.03,,,
Tennessee,Dyer,2022,356,258,97,1,0,0,0,Tennessee,0.28,,,
Tennessee,Hamilton,2022,341,169,171,1,0,0,0,Tennessee,0.50,,,
Tennessee,Jefferson,2022,244,219,25,0,0,0,0,Tennessee,0.10,,,
Tennessee,Knox,2022,365,185,180,0,0,0,0,Tennessee,0.49,,,
Tennessee,Lawrence,2022,351,306,45,0,0,0,0,Tennessee,0.13,,,
Tennessee,Loudon,2022,365,303,62,0,0,0,0,Tennessee,0.17,,,
Tennessee,Madison,2022,359,245,113,1,0,0,0,Tennessee,0.32,,,
Tennessee,Maury,2022,344,282,62,0,0,0,0,Tennessee,0.18,,,
Tennessee,McMinn,2022,357,233,124,0,0,0,0,Tennessee,0.35,,,
Tennessee,Montgomery,2022,359,280,79,0,0,0,0,Tennessee,0.22,,,
Tennessee,Putnam,2022,347,289,58,0,0,0,0,Tennessee,0.17,,,
Tennessee,Roane,2022,340,273,66,0,1,0,0,Tennessee,0.20,,,
Tennessee,Sevier,2022,310,262,48,0,0,0,0,Tennessee,0.15,,,
Tennessee,Shelby,2022,365,224,131,8,2,0,0,Tennessee,0.39,,,
Tennessee,Sullivan,2022,364,299,65,0,0,0,0,Tennessee,0.18,,,
Tennessee,Sumner,2022,358,249,108,1,0,0,0,Tennessee,0.30,,,
Tennessee,Williamson,2022,244,209,33,2,0,0,0,Tennessee,0.14,,,
Tennessee,Wilson,2022,242,221,20,1,0,0,0,Tennessee,0.09,,,
Texas,Atascosa,2022,356,218,136,2,0,0,0,Texas,0.39,,,
Texas,Bell,2022,365,241,121,3,0,0,0,Texas,0.34,,,
Texas,Bexar,2022,365,116,236,12,0,1,0,Texas,0.68,,,
Texas,Bowie,2022,349,144,205,0,0,0,0,Texas,0.59,,,
Texas,Brazoria,2022,365,311,46,8,0,0,0,Texas,0.15,,,
Texas,Brazos,2022,345,251,94,0,0,0,0,Texas,0.27,,,
Texas,Brewster,2022,357,266,91,0,0,0,0,Texas,0.25,,,
Texas,Cameron,2022,365,191,171,3,0,0,0,Texas,0.48,,,
Texas,Collin,2022,359,289,63,7,0,0,0,Texas,0.19,,,
Texas,Culberson,2022,175,111,60,4,0,0,0,Texas,0.37,,,
Texas,Dallas,2022,365,164,184,17,0,0,0,Texas,0.55,,,
Texas,Denton,2022,365,209,136,19,1,0,0,Texas,0.43,,,
Texas,Ector,2022,360,266,94,0,0,0,0,Texas,0.26,,,
Texas,El Paso,2022,365,72,273,19,1,0,0,Texas,0.80,,,
Texas,Ellis,2022,364,311,53,0,0,0,0,Texas,0.15,,,
Texas,Galveston,2022,365,236,122,6,1,0,0,Texas,0.35,,,
Texas,Gregg,2022,365,329,35,1,0,0,0,Texas,0.10,,,
Texas,Harris,2022,365,57,281,22,5,0,0,Texas,0.84,,,
Texas,Harrison,2022,328,164,159,4,1,0,0,Texas,0.50,,,
Texas,Hidalgo,2022,365,197,165,3,0,0,0,Texas,0.46,,,
Texas,Hood,2022,360,295,54,11,0,0,0,Texas,0.18,,,
Texas,Hunt,2022,358,330,28,0,0,0,0,Texas,0.08,,,
Texas,Jefferson,2022,365,203,157,5,0,0,0,Texas,0.44,,,
Texas,Johnson,2022,362,281,67,13,1,0,0,Texas,0.22,,,
Texas,Karnes,2022,349,349,0,0,0,0,0,Texas,0.00,,,
Texas,Kaufman,2022,365,252,110,3,0,0,0,Texas,0.31,,,
Texas,Kleberg,2022,347,196,147,4,0,0,0,Texas,0.44,,,
Texas,Lubbock,2022,347,300,45,2,0,0,0,Texas,0.14,,,
Texas,Maverick,2022,349,256,92,1,0,0,0,Texas,0.27,,,
Texas,McLennan,2022,364,209,155,0,0,0,0,Texas,0.43,,,
Texas,Montgomery,2022,364,175,183,6,0,0,0,Texas,0.52,,,
Texas,Navarro,2022,364,242,121,1,0,0,0,Texas,0.34,,,
Texas,Nueces,2022,365,208,155,2,0,0,0,Texas,0.43,,,
Texas,Orange,2022,365,247,116,2,0,0,0,Texas,0.32,,,
Texas,Parker,2022,358,290,54,14,0,0,0,Texas,0.19,,,
Texas,Polk,2022,328,313,15,0,0,0,0,Texas,0.05,,,
Texas,Potter,2022,359,312,46,1,0,0,0,Texas,0.13,,,
Texas,Randall,2022,338,251,83,4,0,0,0,Texas,0.26,,,
Texas,Rockwall,2022,360,339,21,0,0,0,0,Texas,0.06,,,
Texas,Smith,2022,363,289,68,6,0,0,0,Texas,0.20,,,
Texas,Tarrant,2022,365,132,211,20,2,0,0,Texas,0.64,,,
Texas,Travis,2022,365,178,180,7,0,0,0,Texas,0.51,,,
Texas,Victoria,2022,354,342,12,0,0,0,0,Texas,0.03,,,
Texas,Webb,2022,361,215,144,2,0,0,0,Texas,0.40,,,
Texas,Wilson,2022,300,300,0,0,0,0,0,Texas,0.00,,,
Utah,Box Elder,2022,281,266,15,0,0,0,0,Utah,0.05,,,
Utah,Cache,2022,365,223,135,6,1,0,0,Utah,0.39,,,
Utah,Carbon,2022,364,321,43,0,0,0,0,Utah,0.12,,,
Utah,Davis,2022,365,210,145,10,0,0,0,Utah,0.42,,,
Utah,Duchesne,2022,365,223,138,3,1,0,0,Utah,0.39,,,
Utah,Garfield,2022,293,246,47,0,0,0,0,Utah,0.16,,,
Utah,Iron,2022,365,309,56,0,0,0,0,Utah,0.15,,,
Utah,Salt Lake,2022,365,101,236,28,0,0,0,Utah,0.72,,,
Utah,San Juan,2022,365,306,59,0,0,0,0,Utah,0.16,,,
Utah,Tooele,2022,365,248,111,6,0,0,0,Utah,0.32,,,
Utah,Uintah,2022,365,242,123,0,0,0,0,Utah,0.34,,,
Utah,Utah,2022,365,206,154,5,0,0,0,Utah,0.44,,,
Utah,Washington,2022,365,288,77,0,0,0,0,Utah,0.21,,,
Utah,Wayne,2022,122,117,5,0,0,0,0,Utah,0.04,,,
Utah,Weber,2022,365,205,155,5,0,0,0,Utah,0.44,,,
Vermont,Bennington,2022,365,324,41,0,0,0,0,Vermont,0.11,,,
Vermont,Chittenden,2022,365,298,67,0,0,0,0,Vermont,0.18,,,
Vermont,Rutland,2022,365,278,87,0,0,0,0,Vermont,0.24,,,
Vermont,Windham,2022,71,71,0,0,0,0,0,Vermont,0.00,,,
Virginia,Albemarle,2022,361,249,112,0,0,0,0,Virginia,0.31,,,
Virginia,Arlington,2022,365,325,40,0,0,0,0,Virginia,0.11,,,
Virginia,Bristol City,2022,116,94,22,0,0,0,0,Virginia,0.19,,,
Virginia,Caroline,2022,243,236,7,0,0,0,0,Virginia,0.03,,,
Virginia,Carroll,2022,56,56,0,0,0,0,0,Virginia,0.00,,,
Virginia,Charles,2022,356,336,20,0,0,0,0,Virginia,0.06,,,
Virginia,Chesterfield,2022,286,264,22,0,0,0,0,Virginia,0.08,,,
Virginia,Fairfax,2022,365,232,133,0,0,0,0,Virginia,0.36,,,
Virginia,Fauquier,2022,244,237,7,0,0,0,0,Virginia,0.03,,,
Virginia,Frederick,2022,334,234,100,0,0,0,0,Virginia,0.30,,,
Virginia,Giles,2022,358,329,29,0,0,0,0,Virginia,0.08,,,
Virginia,Hampton City,2022,363,280,83,0,0,0,0,Virginia,0.23,,,
Virginia,Hanover,2022,239,226,13,0,0,0,0,Virginia,0.05,,,
Virginia,Henrico,2022,364,235,128,1,0,0,0,Virginia,0.35,,,
Virginia,Hopewell City,2022,51,51,0,0,0,0,0,Virginia,0.00,,,
Virginia,Loudoun,2022,364,328,34,2,0,0,0,Virginia,0.10,,,
Virginia,Lynchburg City,2022,116,97,19,0,0,0,0,Virginia,0.16,,,
Virginia,Madison,2022,358,323,35,0,0,0,0,Virginia,0.10,,,
Virginia,Norfolk City,2022,361,348,13,0,0,0,0,Virginia,0.04,,,
Virginia,Pittsylvania,2022,363,363,0,0,0,0,0,Virginia,0.00,,,
Virginia,Prince Edward,2022,347,340,7,0,0,0,0,Virginia,0.02,,,
Virginia,Prince William,2022,350,337,13,0,0,0,0,Virginia,0.04,,,
Virginia,Richmond City,2022,365,249,116,0,0,0,0,Virginia,0.32,,,
Virginia,Roanoke,2022,365,257,108,0,0,0,0,Virginia,0.30,,,
Virginia,Rockbridge,2022,285,277,8,0,0,0,0,Virginia,0.03,,,
Virginia,Rockingham,2022,365,332,33,0,0,0,0,Virginia,0.09,,,
Virginia,Salem City,2022,121,98,23,0,0,0,0,Virginia,0.19,,,
Virginia,Stafford,2022,362,351,11,0,0,0,0,Virginia,0.03,,,
Virginia,Suffolk City,2022,245,234,10,1,0,0,0,Virginia,0.04,,,
Virginia,Virginia Beach City,2022,109,93,16,0,0,0,0,Virginia,0.15,,,
Virginia,Wythe,2022,245,232,13,0,0,0,0,Virginia,0.05,,,
Washington,Adams,2022,365,327,34,2,2,0,0,Washington,0.10,,,
Washington,Asotin,2022,358,195,156,3,4,0,0,Washington,0.46,,,
Washington,Benton,2022,365,278,84,2,1,0,0,Washington,0.24,,,
Washington,Chelan,2022,365,246,96,8,13,2,0,Washington,0.33,,,
Washington,Clallam,2022,365,272,91,2,0,0,0,Washington,0.25,,,
Washington,Clark,2022,365,267,93,2,3,0,0,Washington,0.27,,,
Washington,Columbia,2022,365,314,47,4,0,0,0,Washington,0.14,,,
Washington,Cowlitz,2022,363,316,45,2,0,0,0,Washington,0.13,,,
Washington,Franklin,2022,328,269,56,0,3,0,0,Washington,0.18,,,
Washington,Garfield,2022,301,263,34,2,2,0,0,Washington,0.13,,,
Washington,Grant,2022,365,279,83,0,3,0,0,Washington,0.24,,,
Washington,Grays Harbor,2022,365,340,24,1,0,0,0,Washington,0.07,,,
Washington,Jefferson,2022,349,327,22,0,0,0,0,Washington,0.06,,,
Washington,King,2022,365,216,130,14,3,2,0,Washington,0.41,,,
Washington,Kitsap,2022,359,306,50,3,0,0,0,Washington,0.15,,,
Washington,Kittitas,2022,364,259,100,3,2,0,0,Washington,0.29,,,
Washington,Klickitat,2022,117,103,14,0,0,0,0,Washington,0.12,,,
Washington,Lewis,2022,365,285,70,7,3,0,0,Washington,0.22,,,
Washington,Mason,2022,365,302,60,3,0,0,0,Washington,0.17,,,
Washington,Okanogan,2022,365,175,185,4,0,1,0,Washington,0.52,,,
Washington,Pend Oreille,2022,234,207,27,0,0,0,0,Washington,0.12,,,
Washington,Pierce,2022,365,239,115,9,2,0,0,Washington,0.35,,,
Washington,Skagit,2022,365,313,47,4,1,0,0,Washington,0.14,,,
Washington,Snohomish,2022,362,210,129,13,6,3,1,Washington,0.42,,,
Washington,Spokane,2022,365,254,105,3,3,0,0,Washington,0.30,,,
Washington,Stevens,2022,365,208,149,7,1,0,0,Washington,0.43,,,
Washington,Thurston,2022,348,309,36,1,2,0,0,Washington,0.11,,,
Washington,Walla Walla,2022,365,292,70,2,1,0,0,Washington,0.20,,,
Washington,Whatcom,2022,343,294,40,3,5,1,0,Washington,0.14,,,
Washington,Whitman,2022,365,306,55,0,4,0,0,Washington,0.16,,,
Washington,Yakima,2022,365,178,181,5,1,0,0,Washington,0.51,,,
West Virginia,Berkeley,2022,275,230,45,0,0,0,0,West Virginia,0.16,,,
West Virginia,Brooke,2022,363,321,42,0,0,0,0,West Virginia,0.12,,,
West Virginia,Cabell,2022,282,247,35,0,0,0,0,West Virginia,0.12,,,
West Virginia,Gilmer,2022,110,108,2,0,0,0,0,West Virginia,0.02,,,
West Virginia,Greenbrier,2022,240,236,4,0,0,0,0,West Virginia,0.02,,,
West Virginia,Hancock,2022,365,317,48,0,0,0,0,West Virginia,0.13,,,
West Virginia,Harrison,2022,113,93,20,0,0,0,0,West Virginia,0.18,,,
West Virginia,Kanawha,2022,353,253,100,0,0,0,0,West Virginia,0.28,,,
West Virginia,Marion,2022,117,91,26,0,0,0,0,West Virginia,0.22,,,
West Virginia,Marshall,2022,361,162,199,0,0,0,0,West Virginia,0.55,,,
West Virginia,Monongalia,2022,280,250,30,0,0,0,0,West Virginia,0.11,,,
West Virginia,Ohio,2022,283,247,36,0,0,0,0,West Virginia,0.13,,,
West Virginia,Tucker,2022,364,351,13,0,0,0,0,West Virginia,0.04,,,
West Virginia,Wood,2022,281,242,38,1,0,0,0,West Virginia,0.14,,,
Wisconsin,Ashland,2022,364,334,30,0,0,0,0,Wisconsin,0.08,,,
Wisconsin,Brown,2022,359,262,95,2,0,0,0,Wisconsin,0.27,,,
Wisconsin,Columbia,2022,202,191,11,0,0,0,0,Wisconsin,0.05,,,
Wisconsin,Dane,2022,365,236,129,0,0,0,0,Wisconsin,0.35,,,
Wisconsin,Dodge,2022,365,266,99,0,0,0,0,Wisconsin,0.27,,,
Wisconsin,Door,2022,205,176,24,5,0,0,0,Wisconsin,0.14,,,
Wisconsin,Eau Claire,2022,365,268,97,0,0,0,0,Wisconsin,0.27,,,
Wisconsin,Fond du Lac,2022,203,193,9,1,0,0,0,Wisconsin,0.05,,,
Wisconsin,Forest,2022,363,321,42,0,0,0,0,Wisconsin,0.12,,,
Wisconsin,Grant,2022,359,241,118,0,0,0,0,Wisconsin,0.33,,,
Wisconsin,Jackson,2022,359,298,60,1,0,0,0,Wisconsin,0.17,,,
Wisconsin,Jefferson,2022,200,185,15,0,0,0,0,Wisconsin,0.08,,,
Wisconsin,Kenosha,2022,365,236,124,4,1,0,0,Wisconsin,0.35,,,
Wisconsin,Kewaunee,2022,201,172,25,3,1,0,0,Wisconsin,0.14,,,
Wisconsin,La Crosse,2022,365,271,94,0,0,0,0,Wisconsin,0.26,,,
Wisconsin,Manitowoc,2022,198,167,25,4,2,0,0,Wisconsin,0.16,,,
Wisconsin,Marathon,2022,205,197,8,0,0,0,0,Wisconsin,0.04,,,
Wisconsin,Milwaukee,2022,365,192,167,6,0,0,0,Wisconsin,0.47,,,
Wisconsin,Monroe,2022,364,295,68,1,0,0,0,Wisconsin,0.19,,,
Wisconsin,Outagamie,2022,365,241,123,1,0,0,0,Wisconsin,0.34,,,
Wisconsin,Ozaukee,2022,307,228,74,4,1,0,0,Wisconsin,0.26,,,
Wisconsin,Racine,2022,202,165,34,2,1,0,0,Wisconsin,0.18,,,
Wisconsin,Rock,2022,202,184,18,0,0,0,0,Wisconsin,0.09,,,
Wisconsin,Sauk,2022,360,265,95,0,0,0,0,Wisconsin,0.26,,,
Wisconsin,Sheboygan,2022,203,172,24,6,1,0,0,Wisconsin,0.15,,,
Wisconsin,Taylor,2022,365,310,55,0,0,0,0,Wisconsin,0.15,,,
Wisconsin,Vilas,2022,363,329,34,0,0,0,0,Wisconsin,0.09,,,
Wisconsin,Walworth,2022,200,181,16,3,0,0,0,Wisconsin,0.10,,,
Wisconsin,Waukesha,2022,363,215,144,4,0,0,0,Wisconsin,0.41,,,
Wyoming,Albany,2022,365,225,136,2,2,0,0,Wyoming,0.38,,,
Wyoming,Big Horn,2022,362,356,6,0,0,0,0,Wyoming,0.02,,,
Wyoming,Campbell,2022,365,210,146,7,1,0,1,Wyoming,0.42,,,
Wyoming,Carbon,2022,361,361,0,0,0,0,0,Wyoming,0.00,,,
Wyoming,Converse,2022,365,314,51,0,0,0,0,Wyoming,0.14,,,
Wyoming,Fremont,2022,365,254,111,0,0,0,0,Wyoming,0.30,,,
Wyoming,Johnson,2022,365,350,14,1,0,0,0,Wyoming,0.04,,,
Wyoming,Laramie,2022,363,297,66,0,0,0,0,Wyoming,0.18,,,
Wyoming,Lincoln,2022,365,321,43,1,0,0,0,Wyoming,0.12,,,
Wyoming,Natrona,2022,365,317,48,0,0,0,0,Wyoming,0.13,,,
Wyoming,Park,2022,344,314,30,0,0,0,0,Wyoming,0.09,,,
Wyoming,Platte,2022,355,311,29,8,3,0,4,Wyoming,0.12,,,
Wyoming,Sheridan,2022,365,270,95,0,0,0,0,Wyoming,0.26,,,
Wyoming,Sublette,2022,365,301,63,1,0,0,0,Wyoming,0.18,,,
Wyoming,Sweetwater,2022,365,285,78,1,1,0,0,Wyoming,0.22,,,
Wyoming,Teton,2022,365,332,33,0,0,0,0,Wyoming,0.09,,,
Wyoming,Uinta,2022,365,363,2,0,0,0,0,Wyoming,0.01,,,
Wyoming,Weston,2022,363,344,19,0,0,0,0,Wyoming,0.05,,,